﻿<?xml version="1.0" encoding="UTF-8"?>
<Solution>
  <OCR ToolName="Prober-A">
    <mImageZoomRatio>0.5</mImageZoomRatio>
    <mPenWidth>2</mPenWidth>
    <mNodeSize>3</mNodeSize>
    <mFontSize>10</mFontSize>
    <mTrainEpochs>100</mTrainEpochs>
    <mTrainBatch>2</mTrainBatch>
    <mTrainCategory>2</mTrainCategory>
    <mTrainImageChannel>0</mTrainImageChannel>
    <GPU_ID>0</GPU_ID>
    <CPU_Infer>0</CPU_Infer>
    <NetStyle>0</NetStyle>
    <Alpha>0</Alpha>
    <IsCut>0</IsCut>
    <IsResize>0</IsResize>
    <WidthReszieScale>0.5</WidthReszieScale>
    <HeightResizeScale>0.5</HeightResizeScale>
    <GridRows>1</GridRows>
    <GridCols>1</GridCols>
    <ValidationPercent>0.15</ValidationPercent>
    <RotationAngle>0</RotationAngle>
    <TranslationXMin>0</TranslationXMin>
    <TranslationXMax>0</TranslationXMax>
    <TranslationYMin>0</TranslationYMin>
    <TranslationYMax>0</TranslationYMax>
    <ZoomScaleMin>0</ZoomScaleMin>
    <ZoomScaleMax>0</ZoomScaleMax>
    <ShearAngle>0</ShearAngle>
    <HorizontalFlip>0</HorizontalFlip>
    <VerticalFlip>0</VerticalFlip>
    <CropPercentMin>0</CropPercentMin>
    <CropPercentMax>0</CropPercentMax>
    <BrightnessMin>0</BrightnessMin>
    <BrightnessMax>0</BrightnessMax>
    <ContrastMin>0</ContrastMin>
    <ContrastMin>0</ContrastMin>
    <SharpenMin>0</SharpenMin>
    <SharpenMax>0</SharpenMax>
    <BlurMin>0</BlurMin>
    <BlurMax>0</BlurMax>
    <NoiseMin>0</NoiseMin>
    <NoiseMax>0</NoiseMax>
    <LimitBoxScore>0.9</LimitBoxScore>
    <LimitCharScore>0.5</LimitCharScore>
  </OCR>
  <LoadImage ToolName="LoadImage">
    <CropRectNum>0</CropRectNum>
    <IsCropImage>False</IsCropImage>
    <EnableArrayCrop>False</EnableArrayCrop>
    <CropRowNum>1</CropRowNum>
    <CropColNum>1</CropColNum>
    <CropRowInterval>20</CropRowInterval>
    <CropColInterval>20</CropColInterval>
  </LoadImage>
</Solution>